Name,Position,Rating,Year
Russell Hughes,PG,84,1
Craig Thomas,SG,70,1
Justin Taylor,SF,74,1
Dennis Long,PF,45,1
Joshua White,C,64,1
Carlos Henderson,PG,85,1
Henry Morgan,SG,51,1
Jeffrey Coleman,SF,75,1
Todd King,PF,67,1
Scott Bryant,C,48,1
Andrew Hernandez,PG,72,1
Gary Rivera,SG,49,1
Ernest Sanders,SF,53,1
Douglas Bailey,PF,59,1
Victor Wright,C,49,1
Bruce Davis,PG,94,1
Samuel Bell,SG,45,1
Albert Flores,SF,49,1
Harold Moore,PF,42,1
George Lewis,C,82,1
Billy Young,PG,70,1
James Perez,SG,79,1
Peter Jackson,SF,42,1
Walter Bennett,PF,45,1
Johnny Peterson,C,42,1
Christopher Jenkins,PG,78,1
Martin Cooper,SG,68,1
Fred Cox,SF,85,1
Randy Allen,PF,77,1
Earl Wilson,C,69,1
Aaron Campbell,PG,80,1
Stephen Ramirez,SG,43,1
Keith Smith,SF,94,1
Benjamin Wood,PF,78,1
Paul Sanchez,C,53,1
Terry Diaz,PG,61,1
Clarence Morris,SG,82,1
Louis Rodriguez,SF,78,1
Mark Baker,PF,46,1
Jose Lopez,C,91,1
Eugene Walker,PG,49,1
Raymond Adams,SG,94,1
Patrick Ward,SF,87,1
Juan Edwards,PF,99,1
William Evans,C,46,1
Jesse Powell,PG,64,1
Philip Johnson,SG,73,1
Adam Foster,SF,43,1
Kenneth James,PF,73,1
Shawn Murphy,C,86,1
John Carter,PG,73,1
Jeremy Gonzales,SG,60,1
Nicholas Russell,SF,69,1
Brian Gonzalez,PF,77,1
Sean Harris,C,72,1
Jason Reed,PG,45,1
Thomas Kelly,SG,99,1
Charles Hill,SF,98,1
Roy Patterson,PF,89,1
Edward Anderson,C,85,1
David Butler,PG,94,1
Ryan Nelson,SG,70,1
Kevin Williams,SF,76,1
Jerry Brown,PF,81,1
Ralph Roberts,C,79,1
Richard Parker,PG,90,1
Robert Robinson,SG,40,1
Lawrence Simmons,SF,86,1
Phillip Martin,PF,84,1
Howard Hall,C,95,1
Jack Watson,PG,63,1
Alan Torres,SG,90,1
Arthur Rogers,SF,60,1
Chris Jones,PF,83,1
Timothy Scott,C,98,1
Brandon Miller,PG,60,1
Steven Mitchell,SG,85,1
Bobby Stewart,SF,42,1
Willie Cook,PF,77,1
Joe Thompson,C,92,1
Stan Lee,PG,61,1
Anthony Turner,SG,81,1
Wayne Ross,SF,98,1
Joseph Richardson,PF,69,1
Daniel Griffin,C,59,1
Gregory Washington,PG,79,1
Larry Collins,SG,84,1
Frank Howard,SF,44,1
Ronald Garcia,PF,62,1
Donald Perry,C,44,1
Michael Martinez,PG,65,1
Jimmy Clark,SG,78,1
Gerald Price,SF,79,1
Jonathan Green,PF,67,1
Andrew Phillips,C,97,1
Eric Brooks,PG,71,1
Harry Barnes,SG,94,1
Matthew Alexander,SF,70,1
Carl Gray,PF,67,1
Delmer Denson,C,47,1
Tuan Stovall,PG,41,1
Britt Parson,SG,45,1
Dalton Preston,SF,76,1
Maynard Sandlin,PF,42,1
Ambrose Conover,C,86,1
Weldon Wooten,PG,78,1
Rosario Hassell,SG,94,1
Dante Trask,SF,42,1
Bryce Homan,PF,74,1
Tad Byars,C,49,1
Judson Redmond,PG,88,1
Reinaldo Heaton,SG,92,1
Ali Harkins,SF,89,1
Theron Cushman,PF,41,1
Reynaldo Slone,C,97,1
Hershel Oleary,PG,52,1
Dion Paris,SG,92,1
Octavio Morin,SF,71,1
Werner Speed,PF,42,1
Bradly Hathaway,C,60,1
Edmundo Packard,PG,60,1
Cordell Sell,SG,63,1
Amado Holder,SF,74,1
Buddy Sorensen,PF,49,1
Tyron Hammett,C,87,1
Anton Jeffers,PG,86,1
Joaquin Grubbs,SG,42,1
Rolland Ledesma,SF,68,1
Lino Curley,PF,47,1
Numbers Villanueva,C,92,1
Genaro Lord,PG,45,1
Elmo Foley,SG,76,1
Josue Harden,SF,68,1
Francesco Stein,PF,54,1
Diego Rooney,C,68,1
Elliot Albrecht,PG,57,1
Chung Reagan,SG,98,1
Keven Langston,SF,77,1
Gail Hughey,PF,94,1
Miquel Mabe,C,64,1
Wilmer Billups,PG,77,1
Benedict Travis,SG,45,1
Luciano Beaver,SF,40,1
Trenton Mcmillan,PF,41,1
Mason Crutcher,C,54,1
Bo Hamblin,PG,75,1
Alonso Horner,SG,59,1
Gavin Rosas,SF,92,1
Edison Neville,PF,84,1
Chance Eaves,C,46,1
Art Mcwhorter,PG,68,1
Nickolas Baggett,SG,74,1
Gayle Mayberry,SF,51,1
Hong Godfrey,PF,67,1
Kieth Donovan,C,64,1
Humberto Meadows,PG,98,1
Tory Knott,SG,96,1
Esteban Herrmann,SF,40,1
Alexis Street,PF,41,1
Luigi Lozano,C,69,1
Isreal Goins,PG,94,1
Buster Poe,SG,78,1
Mohammed Menendez,SF,71,1
Carmine Oneal,PF,77,1
Palmer Lamm,C,95,1
Daron Mccool,PG,47,1
Mel Raymond,SG,42,1
Alphonse Gladney,SF,70,1
Val Caraballo,PF,56,1
Garret Gilson,C,57,1
Cole Chacon,PG,79,1
Jeramy Sharpe,SG,68,1
Scottie Mahan,SF,87,1
Von Wilmoth,PF,71,1
Randell Kaufman,C,53,1
Reid Lavigne,PG,44,1
Dylan Place,SG,99,1
Donovan Burrows,SF,72,1
Carmen Huber,PF,84,1
Emery Spearman,C,72,1
Hoyt Thurston,PG,45,1
Sid Snead,SG,42,1
Chi Harlan,SF,92,1
Buck Dexter,PF,79,1
Lucien Pape,C,49,1
Sebastian Sorenson,PG,78,1
Lanny Keaton,SG,83,1
Wilton Buckingham,SF,87,1
Titus Mata,PF,54,1
Son Conn,C,98,1
Emory Martins,PG,71,1
Norris Hinojosa,SG,92,1
Arden Bloom,SF,65,1
Jarrett Stinson,PF,77,1
Rusty Chappell,C,95,1
Parker Christian,PG,75,1
Alden Bourque,SG,41,1
Leonel Santana,SF,94,1
Willy Neely,PF,66,1
Kristopher Kelly,C,54,1